timestamp,commit,branch,benchmark,estimate_ns
2026-04-10T09:43:16Z,34e7145,main,wav_decode_1sec_i16,1000000
2026-04-10T09:43:16Z,34e7145,main,pcm_i16_to_f64_4096,93000
2026-04-10T20:24:57Z,8cd32b4,main,wav_decode_1sec_i16,2011000
2026-04-10T20:24:57Z,8cd32b4,main,wav_encode_1sec_i16,1312000
2026-04-10T20:24:57Z,8cd32b4,main,pcm_i16_to_f64_4096,167343
2026-04-10T20:24:57Z,8cd32b4,main,pcm_i24_packed_4096,161496
2026-04-10T20:24:57Z,8cd32b4,main,pcm_u8_to_f64_4096,126777
2026-04-10T20:24:57Z,8cd32b4,main,fft_forward_1024,2458000
2026-04-10T20:24:57Z,8cd32b4,main,mdct_forward_2048,12340000
